gene,degree,w_degree,cent
IKBKB,772,1570,0.7829614604462475
CHUK,772,1570,0.7829614604462475
NFKB1,764,1546,0.7748478701825557
RELA,764,1546,0.7748478701825557
PIK3R2,752,1537,0.7626774847870182
PIK3R1,752,1537,0.7626774847870182
PIK3CA,752,1537,0.7626774847870182
AKT3,752,1537,0.7626774847870182
AKT2,752,1537,0.7626774847870182
PIK3CD,752,1537,0.7626774847870182
AKT1,752,1537,0.7626774847870182
PIK3R3,752,1537,0.7626774847870182
PIK3CB,752,1537,0.7626774847870182
BAX,747,1520,0.757606490872211
TP53,751,1493,0.7616632860040567
CCND1,720,1441,0.7302231237322515
NFKBIA,700,1376,0.7099391480730223
CDK4,678,1369,0.6876267748478702
CDKN1A,677,1273,0.6866125760649087
MAPK3,673,1178,0.6825557809330629
MAPK1,673,1178,0.6825557809330629
CASP3,628,1168,0.6369168356997972
CDK6,606,1159,0.6146044624746451
CASP9,606,1157,0.6146044624746451
BAK1,577,1143,0.5851926977687627
MAPK9,641,1133,0.6501014198782962
MAPK8,641,1133,0.6501014198782962
MAPK10,641,1133,0.6501014198782962
CASP8,608,1129,0.6166328600405679
MAP2K1,628,1095,0.6369168356997972
CYCS,585,1085,0.5933062880324543
KRAS,616,1053,0.6247464503042597
RB1,578,1046,0.5862068965517241
E2F1,578,1046,0.5862068965517241
E2F3,578,1046,0.5862068965517241
E2F2,578,1046,0.5862068965517241
CDK2,591,1031,0.5993914807302231
JAK1,550,1027,0.5578093306288032
MAP2K2,613,1023,0.6217038539553752
IL6,590,1023,0.5983772819472617
MYC,573,1010,0.5811359026369168
TRADD,549,1006,0.5567951318458417
FADD,549,1006,0.5567951318458417
BID,552,998,0.5598377281947262
NRAS,603,981,0.6115618661257607
HRAS,603,981,0.6115618661257607
TRAF3,523,963,0.5304259634888439
FAS,530,944,0.537525354969574
TNF,568,927,0.5760649087221095
JUN,550,891,0.5578093306288032
GADD45B,535,881,0.5425963488843814
GADD45A,535,881,0.5425963488843814
GADD45G,535,881,0.5425963488843814
IKBKE,484,876,0.4908722109533469
TBK1,484,876,0.4908722109533469
APAF1,485,856,0.4918864097363083
RAF1,506,849,0.513184584178499
TRAF2,517,839,0.524340770791075
CCND3,492,825,0.4989858012170385
STAT1,451,817,0.45740365111561865
CCND2,506,807,0.513184584178499
STAT3,467,799,0.473630831643002
IFNA14,440,793,0.4462474645030426
IRF3,440,793,0.4462474645030426
IRF7,440,793,0.4462474645030426
TNFRSF1A,521,792,0.5283975659229209
TRAF6,508,775,0.5152129817444219
CCNE1,481,772,0.48782961460446245
CCNE2,481,772,0.48782961460446245
CREBBP,517,760,0.524340770791075
EP300,517,760,0.524340770791075
ICAM1,482,758,0.48884381338742394
BCL2L1,479,755,0.48580121703853957
EIF2AK2,427,745,0.4330628803245436
STAT2,427,745,0.4330628803245436
IRF9,427,745,0.4330628803245436
TYK2,427,745,0.4330628803245436
IFNAR2,427,745,0.4330628803245436
IFNAR1,427,745,0.4330628803245436
FOS,496,712,0.5030425963488844
CDKN1B,439,688,0.44523326572008115
MDM2,499,683,0.5060851926977687
ATM,465,644,0.4716024340770791
DDB2,455,643,0.4614604462474645
FASLG,410,643,0.4158215010141988
SKP2,488,628,0.4949290060851927
GSK3B,433,622,0.43914807302231235
HLA-B,426,618,0.43204868154158216
HLA-G,426,618,0.43204868154158216
HLA-F,426,618,0.43204868154158216
HLA-A,426,618,0.43204868154158216
HLA-E,426,618,0.43204868154158216
HLA-C,426,618,0.43204868154158216
DDX58,355,618,0.36004056795131845
MAVS,355,618,0.36004056795131845
MAPK11,424,607,0.4300202839756592
MAPK13,424,607,0.4300202839756592
MAPK14,424,607,0.4300202839756592
MAPK12,424,607,0.4300202839756592
SMAD3,385,590,0.39046653144016225
TGFB2,385,590,0.39046653144016225
TGFB3,385,590,0.39046653144016225
TGFB1,385,590,0.39046653144016225
SMAD4,385,590,0.39046653144016225
CXCL10,378,587,0.38336713995943206
HLA-DPA1,408,583,0.41379310344827586
HLA-DQB1,408,583,0.41379310344827586
HLA-DMB,408,583,0.41379310344827586
HLA-DMA,408,583,0.41379310344827586
HLA-DRB5,408,583,0.41379310344827586
HLA-DOA,408,583,0.41379310344827586
HLA-DRB1,408,583,0.41379310344827586
HLA-DRA,408,583,0.41379310344827586
HLA-DOB,408,583,0.41379310344827586
HLA-DPB1,408,583,0.41379310344827586
HLA-DQA1,408,583,0.41379310344827586
HLA-DQA2,408,583,0.41379310344827586
BCL2,381,579,0.38640973630831643
OAS2,342,570,0.34685598377281945
OAS1,342,570,0.34685598377281945
OAS3,342,570,0.34685598377281945
MAP2K4,401,564,0.4066937119675456
CDKN2A,361,537,0.3661257606490872
ANAPC5,446,533,0.45233265720081134
CDKN2B,398,532,0.40365111561866124
BAD,319,526,0.3235294117647059
EIF2S1,332,521,0.33671399594320484
MAP3K14,401,519,0.4066937119675456
CCNB2,389,514,0.3945233265720081
JAK3,357,503,0.3620689655172414
CD3E,357,503,0.3620689655172414
CD3D,357,503,0.3620689655172414
CD3G,357,503,0.3620689655172414
CCNA2,375,502,0.3803245436105477
CCNA1,375,502,0.3803245436105477
RIPK1,351,494,0.35598377281947263
PTEN,385,488,0.39046653144016225
CREB1,385,483,0.39046653144016225
NFKBIB,299,481,0.30324543610547666
RAC1,335,480,0.33975659229208927
TGFBR2,336,477,0.3407707910750507
TGFBR1,336,477,0.3407707910750507
CSF2,375,468,0.3803245436105477
HDAC2,381,463,0.38640973630831643
HDAC1,381,463,0.38640973630831643
TLR3,321,452,0.3255578093306288
TICAM1,321,452,0.3255578093306288
ANAPC2,381,450,0.38640973630831643
CDC23,381,450,0.38640973630831643
ANAPC10,381,450,0.38640973630831643
ANAPC7,381,450,0.38640973630831643
CDC26,381,450,0.38640973630831643
CDC27,381,450,0.38640973630831643
CDC20,381,450,0.38640973630831643
ANAPC1,381,450,0.38640973630831643
ANAPC11,381,450,0.38640973630831643
CDC16,381,450,0.38640973630831643
ANAPC4,381,450,0.38640973630831643
POLK,295,447,0.29918864097363085
CD40,347,443,0.35192697768762676
ITGAL,347,443,0.35192697768762676
BRAF,288,440,0.2920892494929006
ATF4,368,438,0.37322515212981744
IRAK4,286,433,0.29006085192697767
MYD88,286,433,0.29006085192697767
BCL2L11,350,431,0.35496957403651114
MAP3K7,290,424,0.29411764705882354
SOCS3,338,404,0.34279918864097364
STAT5B,313,397,0.3174442190669371
STAT5A,313,397,0.3174442190669371
SMAD2,302,395,0.30628803245436104
TNFSF10,322,392,0.3265720081135903
ATR,317,392,0.32150101419878296
CHEK2,317,392,0.32150101419878296
CHEK1,317,392,0.32150101419878296
MX2,257,391,0.2606490872210953
MX1,257,391,0.2606490872210953
RELB,321,389,0.3255578093306288
CALR,321,389,0.3255578093306288
B2M,321,389,0.3255578093306288
NFKB2,321,389,0.3255578093306288
MAP3K1,363,385,0.36815415821501013
NFATC1,325,385,0.32961460446247465
PPP3R1,325,385,0.32961460446247465
ZFP36,325,385,0.32961460446247465
PPP3CB,325,385,0.32961460446247465
NFATC3,325,385,0.32961460446247465
PPP3CA,325,385,0.32961460446247465
PPP3CC,325,385,0.32961460446247465
PPP3R2,325,385,0.32961460446247465
NFATC2,325,385,0.32961460446247465
NFATC4,325,385,0.32961460446247465
EIF2AK3,272,381,0.27586206896551724
TNFAIP3,275,376,0.2789046653144016
IFNG,275,360,0.2789046653144016
MAP2K6,282,354,0.28600405679513186
MAP2K7,282,354,0.28600405679513186
LYN,282,354,0.28600405679513186
SYK,282,354,0.28600405679513186
PLCG2,282,354,0.28600405679513186
SLC25A4,306,350,0.3103448275862069
SLC25A31,306,350,0.3103448275862069
VDAC1,306,350,0.3103448275862069
XPO1,306,350,0.3103448275862069
FDPS,306,350,0.3103448275862069
TRAF5,276,349,0.2799188640973631
CTNNB1,267,348,0.27079107505070993
MTOR,288,345,0.2920892494929006
PTGS2,281,345,0.28498985801217036
BIRC7,308,344,0.31237322515212984
BIRC2,308,344,0.31237322515212984
BIRC3,308,344,0.31237322515212984
TNFRSF10B,279,339,0.2829614604462475
TNFRSF10A,279,339,0.2829614604462475
IL1B,248,337,0.2515212981744422
GRB2,253,332,0.2565922920892495
SOS2,253,332,0.2565922920892495
SOS1,253,332,0.2565922920892495
EGFR,253,331,0.2565922920892495
EGF,253,331,0.2565922920892495
IL2RB,285,324,0.28904665314401623
IL2RA,285,324,0.28904665314401623
IL2,285,324,0.28904665314401623
ACTB,266,324,0.2697768762677485
ACTG1,266,324,0.2697768762677485
CDKN2C,273,323,0.2768762677484787
PTTG1,273,323,0.2768762677484787
BUB3,273,323,0.2768762677484787
MAD1L1,273,323,0.2768762677484787
MAD2L1,273,323,0.2768762677484787
BUB1B,273,323,0.2768762677484787
ESPL1,273,323,0.2768762677484787
PTTG2,273,323,0.2768762677484787
IFNGR1,262,315,0.2657200811359026
JAK2,262,315,0.2657200811359026
BBC3,247,313,0.25050709939148075
RCHY1,284,310,0.28803245436105473
ADCY9,271,308,0.2748478701825558
PRKACB,271,308,0.2748478701825558
CREB3L2,271,308,0.2748478701825558
CREB3,271,308,0.2748478701825558
ADCY5,271,308,0.2748478701825558
ADCY7,271,308,0.2748478701825558
PRKACA,271,308,0.2748478701825558
PRKACG,271,308,0.2748478701825558
CREB3L4,271,308,0.2748478701825558
ATF6B,271,308,0.2748478701825558
ADCY8,271,308,0.2748478701825558
ADCY4,271,308,0.2748478701825558
ADCY2,271,308,0.2748478701825558
ADCY6,271,308,0.2748478701825558
CREB5,271,308,0.2748478701825558
ATF2,271,308,0.2748478701825558
CREB3L3,271,308,0.2748478701825558
ADCY3,271,308,0.2748478701825558
CREB3L1,271,308,0.2748478701825558
ADCY1,271,308,0.2748478701825558
NEDD4,302,306,0.30628803245436104
BECN1,262,305,0.2657200811359026
ITPR1,262,305,0.2657200811359026
ITPR2,262,305,0.2657200811359026
ITPR3,262,305,0.2657200811359026
CCNB1,256,304,0.25963488843813387
UBA52,299,302,0.30324543610547666
UBC,299,302,0.30324543610547666
RPS27A,299,302,0.30324543610547666
UBB,299,302,0.30324543610547666
IFIH1,213,302,0.21602434077079108
IL12A,213,302,0.21602434077079108
IL12B,213,302,0.21602434077079108
USP7,270,301,0.2738336713995943
GABARAPL2,263,297,0.2667342799188641
GABARAPL1,263,297,0.2667342799188641
GABARAP,263,297,0.2667342799188641
FOSL1,277,293,0.28093306288032455
TLR2,222,293,0.2251521298174442
IGF1,240,289,0.2434077079107505
RSAD2,214,277,0.21703853955375252
RNASEL,214,277,0.21703853955375252
PML,266,267,0.2697768762677485
CFLAR,225,267,0.2281947261663286
PIAS1,262,264,0.2657200811359026
ITGB2,242,264,0.24543610547667344
RXRA,204,260,0.20689655172413793
CXCL3,228,258,0.23123732251521298
CXCL2,228,258,0.23123732251521298
CXCL1,228,258,0.23123732251521298
BIRC6,254,257,0.25760649087221094
TLR4,193,254,0.19574036511156187
IL1A,193,254,0.19574036511156187
ADAR,193,254,0.19574036511156187
PDPK1,223,252,0.22616632860040567
EIF2AK1,192,251,0.1947261663286004
EIF2AK4,192,251,0.1947261663286004
YWHAZ,233,250,0.2363083164300203
YWHAQ,233,250,0.2363083164300203
YWHAG,233,250,0.2363083164300203
YWHAE,233,250,0.2363083164300203
YWHAB,233,250,0.2363083164300203
YWHAH,233,250,0.2363083164300203
VEGFA,209,247,0.21196754563894524
CBLB,239,241,0.24239350912778904
RBX1,222,240,0.2251521298174442
ANAPC13,222,240,0.2251521298174442
CUL1,222,240,0.2251521298174442
FZR1,222,240,0.2251521298174442
SKP1,222,240,0.2251521298174442
ABL1,216,240,0.21906693711967545
PLK1,212,235,0.2150101419878296
RBL2,212,235,0.2150101419878296
CDKN2D,212,235,0.2150101419878296
CD86,215,229,0.21805273833671399
ISG15,197,227,0.1997971602434077
CCL2,204,223,0.20689655172413793
INSR,190,220,0.19269776876267747
FOXO3,190,220,0.19269776876267747
CAT,190,220,0.19269776876267747
IRS2,190,220,0.19269776876267747
PRKAG2,190,220,0.19269776876267747
SIRT1,190,220,0.19269776876267747
SOD2,190,220,0.19269776876267747
STK11,190,220,0.19269776876267747
PRKAB1,190,220,0.19269776876267747
INS,190,220,0.19269776876267747
IRS1,190,220,0.19269776876267747
PRKAA1,190,220,0.19269776876267747
PRKAG1,190,220,0.19269776876267747
PRKAB2,190,220,0.19269776876267747
FOXO1,190,220,0.19269776876267747
IGF1R,190,220,0.19269776876267747
PRKAA2,190,220,0.19269776876267747
PRKAG3,190,220,0.19269776876267747
TRAF1,187,217,0.1896551724137931
HSPA1L,194,212,0.19675456389452334
HSPA8,194,212,0.19675456389452334
HSPA1A,194,212,0.19675456389452334
HSPA6,194,212,0.19675456389452334
HSPA1B,194,212,0.19675456389452334
HSPA2,194,212,0.19675456389452334
LEF1,194,211,0.19675456389452334
TCF7,194,211,0.19675456389452334
TCF7L1,194,211,0.19675456389452334
TCF7L2,194,211,0.19675456389452334
ELK4,210,210,0.2129817444219067
NFYB,210,210,0.2129817444219067
CRTC3,210,210,0.2129817444219067
TLN2,210,210,0.2129817444219067
SRF,210,210,0.2129817444219067
VDAC2,210,210,0.2129817444219067
LCK,210,210,0.2129817444219067
TSPO,210,210,0.2129817444219067
TCF3,210,210,0.2129817444219067
ETS1,210,210,0.2129817444219067
MSX2,210,210,0.2129817444219067
NRP1,210,210,0.2129817444219067
DLG1,210,210,0.2129817444219067
RANBP3,210,210,0.2129817444219067
MAP3K3,210,210,0.2129817444219067
KAT2A,210,210,0.2129817444219067
CANX,210,210,0.2129817444219067
TBPL2,210,210,0.2129817444219067
LTBR,210,210,0.2129817444219067
TBPL1,210,210,0.2129817444219067
TNFRSF13C,210,210,0.2129817444219067
POLB,210,210,0.2129817444219067
IL1R1,210,210,0.2129817444219067
TBP,210,210,0.2129817444219067
CD4,210,210,0.2129817444219067
VDAC3,210,210,0.2129817444219067
SLC2A1,210,210,0.2129817444219067
MMP7,210,210,0.2129817444219067
TERT,210,210,0.2129817444219067
TRRAP,210,210,0.2129817444219067
EGR1,210,210,0.2129817444219067
MSX1,210,210,0.2129817444219067
VAC14,210,210,0.2129817444219067
IL15RA,210,210,0.2129817444219067
SPI1,210,210,0.2129817444219067
CRTC2,210,210,0.2129817444219067
RAN,210,210,0.2129817444219067
KAT2B,210,210,0.2129817444219067
RANBP1,210,210,0.2129817444219067
ETS2,210,210,0.2129817444219067
TLN1,210,210,0.2129817444219067
EGR2,210,210,0.2129817444219067
CRTC1,210,210,0.2129817444219067
LTA,210,210,0.2129817444219067
IL1R2,210,210,0.2129817444219067
KAT5,210,210,0.2129817444219067
IL15,210,210,0.2129817444219067
GPS2,210,210,0.2129817444219067
CBL,198,200,0.20081135902636915
ZBTB17,181,200,0.18356997971602435
PMAIP1,180,199,0.18255578093306288
TP53AIP1,180,199,0.18255578093306288
SIAH1,193,196,0.19574036511156187
CCNG2,178,191,0.18052738336713997
TRIM25,165,188,0.16734279918864098
NLRX1,165,188,0.16734279918864098
PRF1,177,184,0.1795131845841785
TP73,162,183,0.1643002028397566
SFN,160,182,0.16227180527383367
CDK1,160,182,0.16227180527383367
PSMD1,179,179,0.1815415821501014
MAP2K3,179,179,0.1815415821501014
CD44,179,179,0.1815415821501014
PSMD6,179,179,0.1815415821501014
TAPBP,179,179,0.1815415821501014
PSMD3,179,179,0.1815415821501014
HES1,179,179,0.1815415821501014
TAP1,179,179,0.1815415821501014
SAP30,179,179,0.1815415821501014
PSMC5,179,179,0.1815415821501014
ADRM1,179,179,0.1815415821501014
CR2,179,179,0.1815415821501014
PDIA3,179,179,0.1815415821501014
TAP2,179,179,0.1815415821501014
SAP30L,179,179,0.1815415821501014
SNW1,179,179,0.1815415821501014
ENTPD1,179,179,0.1815415821501014
PSMD2,179,179,0.1815415821501014
RBPJ,179,179,0.1815415821501014
PSMD7,179,179,0.1815415821501014
PSMD8,179,179,0.1815415821501014
CD58,179,179,0.1815415821501014
PSMC4,179,179,0.1815415821501014
PSMC2,179,179,0.1815415821501014
ENTPD8,179,179,0.1815415821501014
ENTPD3,179,179,0.1815415821501014
SIN3A,179,179,0.1815415821501014
CD19,179,179,0.1815415821501014
RUNX3,179,179,0.1815415821501014
VIM,179,179,0.1815415821501014
PSMD11,179,179,0.1815415821501014
PSMC1,179,179,0.1815415821501014
PSMC6,179,179,0.1815415821501014
BLNK,179,179,0.1815415821501014
FCER2,179,179,0.1815415821501014
PSMD4,179,179,0.1815415821501014
RBPJL,179,179,0.1815415821501014
PSMD12,179,179,0.1815415821501014
PSMC3,179,179,0.1815415821501014
NFKBIE,179,179,0.1815415821501014
CIR1,179,179,0.1815415821501014
CD247,179,179,0.1815415821501014
PSMD13,179,179,0.1815415821501014
NCOR2,179,179,0.1815415821501014
PSMD14,179,179,0.1815415821501014
CASP10,164,178,0.1663286004056795
CALM3,175,175,0.17748478701825557
GNG8,175,175,0.17748478701825557
GNB4,175,175,0.17748478701825557
GNG13,175,175,0.17748478701825557
CALML5,175,175,0.17748478701825557
ATG3,175,175,0.17748478701825557
IL6ST,175,175,0.17748478701825557
CALM2,175,175,0.17748478701825557
HCK,175,175,0.17748478701825557
PIK3CG,175,175,0.17748478701825557
CALML6,175,175,0.17748478701825557
RCAN1,175,175,0.17748478701825557
GNG5,175,175,0.17748478701825557
CCR5,175,175,0.17748478701825557
CCR3,175,175,0.17748478701825557
GNG7,175,175,0.17748478701825557
PLCG1,175,175,0.17748478701825557
GNB1,175,175,0.17748478701825557
CLEC2B,175,175,0.17748478701825557
CCR1,175,175,0.17748478701825557
GNG2,175,175,0.17748478701825557
GNG12,175,175,0.17748478701825557
GNGT1,175,175,0.17748478701825557
ANGPT2,175,175,0.17748478701825557
CD200R1,175,175,0.17748478701825557
GNG4,175,175,0.17748478701825557
GNGT2,175,175,0.17748478701825557
GNB5,175,175,0.17748478701825557
HIF1A,175,175,0.17748478701825557
PIK3R5,175,175,0.17748478701825557
MICB,175,175,0.17748478701825557
CALML3,175,175,0.17748478701825557
CCR4,175,175,0.17748478701825557
MICA,175,175,0.17748478701825557
CCR8,175,175,0.17748478701825557
GNG3,175,175,0.17748478701825557
GNG11,175,175,0.17748478701825557
MAPKAPK2,175,175,0.17748478701825557
CALML4,175,175,0.17748478701825557
PDGFB,175,175,0.17748478701825557
FGF2,175,175,0.17748478701825557
GNB2,175,175,0.17748478701825557
PIK3C3,175,175,0.17748478701825557
PREX1,175,175,0.17748478701825557
CD200R1L,175,175,0.17748478701825557
PIK3R6,175,175,0.17748478701825557
CALM1,175,175,0.17748478701825557
C3,175,175,0.17748478701825557
SRC,175,175,0.17748478701825557
GNB3,175,175,0.17748478701825557
GNG10,175,175,0.17748478701825557
ATG12,161,170,0.16328600405679514
TRAF4,159,170,0.1612576064908722
RPS6KB1,154,170,0.15618661257606492
RPS6KB2,154,170,0.15618661257606492
CD28,162,168,0.1643002028397566
SESN1,161,167,0.16328600405679514
SESN3,161,167,0.16328600405679514
SESN2,161,167,0.16328600405679514
TSC2,161,167,0.16328600405679514
NTRK1,153,166,0.15517241379310345
ATG5,144,146,0.1460446247464503
LAMA2,136,141,0.13793103448275862
LAMA1,136,141,0.13793103448275862
TPSD1,140,140,0.14198782961460446
CPSF4,140,140,0.14198782961460446
PRKCB,140,140,0.14198782961460446
PRSS3,140,140,0.14198782961460446
KPNA6,140,140,0.14198782961460446
KPNA7,140,140,0.14198782961460446
CASP1,140,140,0.14198782961460446
PYCARD,140,140,0.14198782961460446
TMPRSS2,140,140,0.14198782961460446
NXF1,140,140,0.14198782961460446
CIITA,140,140,0.14198782961460446
NLRP3,140,140,0.14198782961460446
NUP98,140,140,0.14198782961460446
PRKCA,140,140,0.14198782961460446
TMPRSS4,140,140,0.14198782961460446
RAB11B,140,140,0.14198782961460446
PABPN1,140,140,0.14198782961460446
CCL5,140,140,0.14198782961460446
CPSF4L,140,140,0.14198782961460446
RAE1,140,140,0.14198782961460446
IFNGR2,140,140,0.14198782961460446
HNRNPUL1,140,140,0.14198782961460446
DNAJC3,140,140,0.14198782961460446
PRSS1,140,140,0.14198782961460446
KPNA5,140,140,0.14198782961460446
KPNA1,140,140,0.14198782961460446
KPNA2,140,140,0.14198782961460446
NXT1,140,140,0.14198782961460446
CALCOCO2,140,140,0.14198782961460446
DNAJB1,140,140,0.14198782961460446
RAB11A,140,140,0.14198782961460446
IL18,140,140,0.14198782961460446
PABPN1L,140,140,0.14198782961460446
TMPRSS11D,140,140,0.14198782961460446
CLDN25,137,137,0.1389452332657201
IFIT1,137,137,0.1389452332657201
NR1H3,137,137,0.1389452332657201
SCARB1,137,137,0.1389452332657201
CLDN16,137,137,0.1389452332657201
CLDN6,137,137,0.1389452332657201
PPP2R2C,137,137,0.1389452332657201
PPP2R2D,137,137,0.1389452332657201
CLDN1,137,137,0.1389452332657201
CLDN19,137,137,0.1389452332657201
CLDN15,137,137,0.1389452332657201
CLDN5,137,137,0.1389452332657201
CD81,137,137,0.1389452332657201
CLDN10,137,137,0.1389452332657201
CLDN20,137,137,0.1389452332657201
CLDN14,137,137,0.1389452332657201
PSME3,137,137,0.1389452332657201
LDLR,137,137,0.1389452332657201
CLDN7,137,137,0.1389452332657201
PPP2CA,137,137,0.1389452332657201
PPARA,137,137,0.1389452332657201
CLDN8,137,137,0.1389452332657201
PPP2CB,137,137,0.1389452332657201
PPP2R2A,137,137,0.1389452332657201
CLDN23,137,137,0.1389452332657201
CLDN9,137,137,0.1389452332657201
CLDN18,137,137,0.1389452332657201
CLDN3,137,137,0.1389452332657201
CLDN11,137,137,0.1389452332657201
CLDN22,137,137,0.1389452332657201
PPP2R1B,137,137,0.1389452332657201
EIF3E,137,137,0.1389452332657201
OCLN,137,137,0.1389452332657201
CLDN4,137,137,0.1389452332657201
CLDN17,137,137,0.1389452332657201
PPP2R2B,137,137,0.1389452332657201
PPP2R1A,137,137,0.1389452332657201
PPARG,129,134,0.1308316430020284
TUBA1C,130,130,0.13184584178498987
BOK,130,130,0.13184584178498987
IL3,130,130,0.13184584178498987
CTSO,130,130,0.13184584178498987
TUBA1B,130,130,0.13184584178498987
LMNA,130,130,0.13184584178498987
HRK,130,130,0.13184584178498987
PARP3,130,130,0.13184584178498987
PTPN13,130,130,0.13184584178498987
DDIT3,130,130,0.13184584178498987
CTSW,130,130,0.13184584178498987
TUBAL3,130,130,0.13184584178498987
NGFR,130,130,0.13184584178498987
BCL2A1,130,130,0.13184584178498987
DFFA,130,130,0.13184584178498987
ERN1,130,130,0.13184584178498987
TUBA3C,130,130,0.13184584178498987
PARP1,130,130,0.13184584178498987
DAXX,130,130,0.13184584178498987
NGF,130,130,0.13184584178498987
MAP3K5,130,130,0.13184584178498987
TUBA4A,130,130,0.13184584178498987
CAPN1,130,130,0.13184584178498987
CASP2,130,130,0.13184584178498987
CTSS,130,130,0.13184584178498987
CTSD,130,130,0.13184584178498987
TUBA8,130,130,0.13184584178498987
GZMB,130,130,0.13184584178498987
CTSH,130,130,0.13184584178498987
BIRC5,130,130,0.13184584178498987
CTSZ,130,130,0.13184584178498987
CASP12,130,130,0.13184584178498987
CASP7,130,130,0.13184584178498987
TUBA1A,130,130,0.13184584178498987
CAPN2,130,130,0.13184584178498987
HTRA2,130,130,0.13184584178498987
LMNB2,130,130,0.13184584178498987
DFFB,130,130,0.13184584178498987
CTSK,130,130,0.13184584178498987
CTSF,130,130,0.13184584178498987
DIABLO,130,130,0.13184584178498987
MCL1,130,130,0.13184584178498987
CSF2RB,130,130,0.13184584178498987
SPTAN1,130,130,0.13184584178498987
PARP4,130,130,0.13184584178498987
CTSB,130,130,0.13184584178498987
LMNB1,130,130,0.13184584178498987
SPTA1,130,130,0.13184584178498987
DAB2IP,130,130,0.13184584178498987
ENDOG,130,130,0.13184584178498987
CTSC,130,130,0.13184584178498987
PARP2,130,130,0.13184584178498987
CASP6,130,130,0.13184584178498987
TRIM37,127,127,0.12880324543610547
PIAS4,127,127,0.12880324543610547
UBE4B,127,127,0.12880324543610547
STUB1,127,127,0.12880324543610547
UBE2F,127,127,0.12880324543610547
CUL4A,127,127,0.12880324543610547
WWP2,127,127,0.12880324543610547
UBE2G1,127,127,0.12880324543610547
UBE2G2,127,127,0.12880324543610547
ITCH,127,127,0.12880324543610547
UBA6,127,127,0.12880324543610547
CUL2,127,127,0.12880324543610547
VHL,127,127,0.12880324543610547
UBE2D2,127,127,0.12880324543610547
UBA7,127,127,0.12880324543610547
UBA3,127,127,0.12880324543610547
UBE2H,127,127,0.12880324543610547
UBE2D4,127,127,0.12880324543610547
UBE2L3,127,127,0.12880324543610547
WWP1,127,127,0.12880324543610547
HERC2,127,127,0.12880324543610547
UBE2I,127,127,0.12880324543610547
FBXW8,127,127,0.12880324543610547
UBE2N,127,127,0.12880324543610547
KEAP1,127,127,0.12880324543610547
UBE2QL1,127,127,0.12880324543610547
KLHL9,127,127,0.12880324543610547
UBE2J2,127,127,0.12880324543610547
SAE1,127,127,0.12880324543610547
UBE2Q1,127,127,0.12880324543610547
PRPF19,127,127,0.12880324543610547
UBA2,127,127,0.12880324543610547
SYVN1,127,127,0.12880324543610547
UBE2B,127,127,0.12880324543610547
UBE3B,127,127,0.12880324543610547
TRIM32,127,127,0.12880324543610547
FBXW11,127,127,0.12880324543610547
BRCA1,127,127,0.12880324543610547
FBXO2,127,127,0.12880324543610547
CUL3,127,127,0.12880324543610547
UBE2U,127,127,0.12880324543610547
FBXO4,127,127,0.12880324543610547
UBR5,127,127,0.12880324543610547
NHLRC1,127,127,0.12880324543610547
CDC34,127,127,0.12880324543610547
CUL7,127,127,0.12880324543610547
UBE2D1,127,127,0.12880324543610547
UBE2C,127,127,0.12880324543610547
BTRC,127,127,0.12880324543610547
SOCS1,127,127,0.12880324543610547
ERCC8,127,127,0.12880324543610547
RHOBTB1,127,127,0.12880324543610547
NEDD4L,127,127,0.12880324543610547
UBE2W,127,127,0.12880324543610547
UBE2M,127,127,0.12880324543610547
FANCL,127,127,0.12880324543610547
RHOBTB2,127,127,0.12880324543610547
UBE2Z,127,127,0.12880324543610547
UBE2Q2,127,127,0.12880324543610547
HERC3,127,127,0.12880324543610547
UBE4A,127,127,0.12880324543610547
UBE2D3,127,127,0.12880324543610547
RNF7,127,127,0.12880324543610547
UBE2R2,127,127,0.12880324543610547
MGRN1,127,127,0.12880324543610547
AIRE,127,127,0.12880324543610547
UBE2J1,127,127,0.12880324543610547
HERC4,127,127,0.12880324543610547
PIAS3,127,127,0.12880324543610547
PPIL2,127,127,0.12880324543610547
UBE3A,127,127,0.12880324543610547
UBE2S,127,127,0.12880324543610547
UBE2L6,127,127,0.12880324543610547
UBE2K,127,127,0.12880324543610547
UBE2E2,127,127,0.12880324543610547
SMURF2,127,127,0.12880324543610547
UBOX5,127,127,0.12880324543610547
CBLC,127,127,0.12880324543610547
UBE2O,127,127,0.12880324543610547
SMURF1,127,127,0.12880324543610547
UBE2E1,127,127,0.12880324543610547
DDB1,127,127,0.12880324543610547
CUL5,127,127,0.12880324543610547
UBE3C,127,127,0.12880324543610547
TRIP12,127,127,0.12880324543610547
FBXW7,127,127,0.12880324543610547
DET1,127,127,0.12880324543610547
UBE2E3,127,127,0.12880324543610547
PIAS2,127,127,0.12880324543610547
HERC1,127,127,0.12880324543610547
RAC3,122,126,0.12373225152129817
RAC2,122,126,0.12373225152129817
RXRG,110,123,0.11156186612576065
RXRB,110,123,0.11156186612576065
S1PR1,122,122,0.12373225152129817
SGK2,122,122,0.12373225152129817
PLK3,122,122,0.12373225152129817
GRM1,122,122,0.12373225152129817
SGK1,122,122,0.12373225152129817
G6PC2,122,122,0.12373225152129817
BNIP3,122,122,0.12373225152129817
PCK2,122,122,0.12373225152129817
S1PR4,122,122,0.12373225152129817
G6PC3,122,122,0.12373225152129817
HOMER1,122,122,0.12373225152129817
SLC2A4,122,122,0.12373225152129817
PLK2,122,122,0.12373225152129817
IL10,122,122,0.12373225152129817
RAG2,122,122,0.12373225152129817
PLK4,122,122,0.12373225152129817
SGK3,122,122,0.12373225152129817
IL7R,122,122,0.12373225152129817
AGAP2,122,122,0.12373225152129817
FOXG1,122,122,0.12373225152129817
SETD7,122,122,0.12373225152129817
FBXO25,122,122,0.12373225152129817
BCL6,122,122,0.12373225152129817
HOMER3,122,122,0.12373225152129817
NLK,122,122,0.12373225152129817
PRMT1,122,122,0.12373225152129817
RAG1,122,122,0.12373225152129817
HOMER2,122,122,0.12373225152129817
CSNK1E,122,122,0.12373225152129817
PCK1,122,122,0.12373225152129817
STK4,122,122,0.12373225152129817
KLF2,122,122,0.12373225152129817
FBXO32,122,122,0.12373225152129817
SLAMF1,114,114,0.11561866125760649
CSNK2B,114,114,0.11561866125760649
CD209,114,114,0.11561866125760649
CLEC4M,114,114,0.11561866125760649
CSNK2A1,114,114,0.11561866125760649
CSNK2A2,114,114,0.11561866125760649
CD46,114,114,0.11561866125760649
EIF3H,114,114,0.11561866125760649
TLR9,114,114,0.11561866125760649
E2F5,113,113,0.11460446247464504
MCM7,113,113,0.11460446247464504
BUB1,113,113,0.11460446247464504
E2F4,113,113,0.11460446247464504
RAD21,113,113,0.11460446247464504
STAG1,113,113,0.11460446247464504
MCM6,113,113,0.11460446247464504
CCNH,113,113,0.11460446247464504
CDC25C,113,113,0.11460446247464504
WEE1,113,113,0.11460446247464504
MCM5,113,113,0.11460446247464504
MCM2,113,113,0.11460446247464504
MCM3,113,113,0.11460446247464504
CDC6,113,113,0.11460446247464504
MAD2L2,113,113,0.11460446247464504
SMC1B,113,113,0.11460446247464504
CDK7,113,113,0.11460446247464504
WEE2,113,113,0.11460446247464504
CDKN1C,113,113,0.11460446247464504
CDC14A,113,113,0.11460446247464504
CDC25A,113,113,0.11460446247464504
SMC3,113,113,0.11460446247464504
CDC7,113,113,0.11460446247464504
PKMYT1,113,113,0.11460446247464504
TFDP1,113,113,0.11460446247464504
PRKDC,113,113,0.11460446247464504
MCM4,113,113,0.11460446247464504
CDC25B,113,113,0.11460446247464504
TTK,113,113,0.11460446247464504
CDC14B,113,113,0.11460446247464504
RBL1,113,113,0.11460446247464504
TFDP2,113,113,0.11460446247464504
DBF4,113,113,0.11460446247464504
PCNA,113,113,0.11460446247464504
EIF4EBP2,98,98,0.09939148073022312
EIF4E1B,98,98,0.09939148073022312
ULK1,98,98,0.09939148073022312
RHEB,98,98,0.09939148073022312
FOXA2,98,98,0.09939148073022312
CAMKK2,98,98,0.09939148073022312
CLPB,98,98,0.09939148073022312
KL,98,98,0.09939148073022312
CAMK4,98,98,0.09939148073022312
EHMT1,98,98,0.09939148073022312
EIF4EBP1,98,98,0.09939148073022312
CRYAB,98,98,0.09939148073022312
EHMT2,98,98,0.09939148073022312
EIF4E,98,98,0.09939148073022312
PPARGC1A,98,98,0.09939148073022312
RB1CC1,98,98,0.09939148073022312
RPTOR,98,98,0.09939148073022312
APPL1,98,98,0.09939148073022312
EIF4E2,98,98,0.09939148073022312
SOD1,98,98,0.09939148073022312
ADIPOR2,98,98,0.09939148073022312
TSC1,98,98,0.09939148073022312
ADIPOR1,98,98,0.09939148073022312
ADIPOQ,98,98,0.09939148073022312
AKT1S1,98,98,0.09939148073022312
LAMB3,87,87,0.08823529411764705
ITGB1,87,87,0.08823529411764705
ITGA2B,87,87,0.08823529411764705
ITGA2,87,87,0.08823529411764705
LAMC2,87,87,0.08823529411764705
FHIT,87,87,0.08823529411764705
ITGAV,87,87,0.08823529411764705
LAMC1,87,87,0.08823529411764705
LAMA3,87,87,0.08823529411764705
LAMB1,87,87,0.08823529411764705
RARB,87,87,0.08823529411764705
NOS2,87,87,0.08823529411764705
CKS2,87,87,0.08823529411764705
ITGA3,87,87,0.08823529411764705
LAMA4,87,87,0.08823529411764705
LAMB4,87,87,0.08823529411764705
ITGA6,87,87,0.08823529411764705
COL4A2,87,87,0.08823529411764705
LAMA5,87,87,0.08823529411764705
COL4A1,87,87,0.08823529411764705
PTK2,87,87,0.08823529411764705
LAMB2,87,87,0.08823529411764705
LAMC3,87,87,0.08823529411764705
MAX,87,87,0.08823529411764705
CKS1B,87,87,0.08823529411764705
FN1,87,87,0.08823529411764705
COL4A4,87,87,0.08823529411764705
COL4A3,87,87,0.08823529411764705
HSP90AA1,83,83,0.08417849898580121
MMP3,83,83,0.08417849898580121
CEBPB,83,83,0.08417849898580121
MMP13,83,83,0.08417849898580121
MAPK15,83,83,0.08417849898580121
MUC5B,83,83,0.08417849898580121
IL17F,83,83,0.08417849898580121
IL17D,83,83,0.08417849898580121
CCL11,83,83,0.08417849898580121
CCL20,83,83,0.08417849898580121
IL25,83,83,0.08417849898580121
IL17RC,83,83,0.08417849898580121
MMP1,83,83,0.08417849898580121
IL17B,83,83,0.08417849898580121
CXCL6,83,83,0.08417849898580121
IL13,83,83,0.08417849898580121
IL17RB,83,83,0.08417849898580121
IL5,83,83,0.08417849898580121
S100A9,83,83,0.08417849898580121
IL4,83,83,0.08417849898580121
IL17RE,83,83,0.08417849898580121
ELAVL1,83,83,0.08417849898580121
CCL17,83,83,0.08417849898580121
MAPK4,83,83,0.08417849898580121
IL17RA,83,83,0.08417849898580121
S100A7A,83,83,0.08417849898580121
MMP9,83,83,0.08417849898580121
JUND,83,83,0.08417849898580121
MAPK6,83,83,0.08417849898580121
IL17A,83,83,0.08417849898580121
HSP90AB1,83,83,0.08417849898580121
TRAF3IP2,83,83,0.08417849898580121
IL17C,83,83,0.08417849898580121
S100A8,83,83,0.08417849898580121
LCN2,83,83,0.08417849898580121
CSF3,83,83,0.08417849898580121
MAPK7,83,83,0.08417849898580121
USP25,83,83,0.08417849898580121
CXCL5,83,83,0.08417849898580121
HSP90B1,83,83,0.08417849898580121
FOSB,83,83,0.08417849898580121
SHC3,73,73,0.07403651115618662
GAB2,73,73,0.07403651115618662
RUNX1,73,73,0.07403651115618662
BCR,73,73,0.07403651115618662
CTBP1,73,73,0.07403651115618662
PTPN11,73,73,0.07403651115618662
CRKL,73,73,0.07403651115618662
SHC4,73,73,0.07403651115618662
SHC2,73,73,0.07403651115618662
SHC1,73,73,0.07403651115618662
CRK,73,73,0.07403651115618662
CTBP2,73,73,0.07403651115618662
MECOM,73,73,0.07403651115618662
RALGDS,72,72,0.07302231237322515
RALB,72,72,0.07302231237322515
RALBP1,72,72,0.07302231237322515
RAD51,72,72,0.07302231237322515
PLD2,72,72,0.07302231237322515
CDC42,72,72,0.07302231237322515
ERBB2,72,72,0.07302231237322515
RALA,72,72,0.07302231237322515
PLD1,72,72,0.07302231237322515
TGFA,72,72,0.07302231237322515
BRCA2,72,72,0.07302231237322515
EI24,69,69,0.06997971602434078
THBS1,69,69,0.06997971602434078
SERPINB5,69,69,0.06997971602434078
STEAP3,69,69,0.06997971602434078
RRM2B,69,69,0.06997971602434078
GORAB,69,69,0.06997971602434078
GTSE1,69,69,0.06997971602434078
CCNG1,69,69,0.06997971602434078
RPRM,69,69,0.06997971602434078
PERP,69,69,0.06997971602434078
IGFBP3,69,69,0.06997971602434078
MDM4,69,69,0.06997971602434078
SERPINE1,69,69,0.06997971602434078
PPM1D,69,69,0.06997971602434078
ZMAT3,69,69,0.06997971602434078
SHISA5,69,69,0.06997971602434078
SIVA1,69,69,0.06997971602434078
CD82,69,69,0.06997971602434078
RRM2,69,69,0.06997971602434078
AIFM2,69,69,0.06997971602434078
TP53I3,69,69,0.06997971602434078
EIF4G3,54,54,0.05476673427991886
ABL2,54,54,0.05476673427991886
SGCA,54,54,0.05476673427991886
MYH6,54,54,0.05476673427991886
EIF4G1,54,54,0.05476673427991886
SGCB,54,54,0.05476673427991886
SGCG,54,54,0.05476673427991886
CD55,54,54,0.05476673427991886
FYN,54,54,0.05476673427991886
EIF4G2,54,54,0.05476673427991886
DAG1,54,54,0.05476673427991886
SGCD,54,54,0.05476673427991886
CXADR,54,54,0.05476673427991886
CAV1,54,54,0.05476673427991886
MYH7,54,54,0.05476673427991886
CD80,54,54,0.05476673427991886
RNF125,48,48,0.0486815415821501
SIKE1,48,48,0.0486815415821501
TBKBP1,48,48,0.0486815415821501
PIN1,48,48,0.0486815415821501
TANK,48,48,0.0486815415821501
CYLD,48,48,0.0486815415821501
AZI2,48,48,0.0486815415821501
IFNK,48,48,0.0486815415821501
DHX58,48,48,0.0486815415821501
TPR,36,36,0.036511156186612576
NCOA4,36,36,0.036511156186612576
RET,36,36,0.036511156186612576
TFG,36,36,0.036511156186612576
PAX8,36,36,0.036511156186612576
TPM3,36,36,0.036511156186612576
CDH1,36,36,0.036511156186612576
CCDC6,36,36,0.036511156186612576
ACP1,6,6,0.006085192697768763
ACP5,6,6,0.006085192697768763
ENPP1,6,6,0.006085192697768763
RFK,6,6,0.006085192697768763
ACP2,6,6,0.006085192697768763
FLAD1,6,6,0.006085192697768763
BLVRB,6,6,0.006085192697768763
